slate,1437
sauce,1411
slice,1409
shale,1403
saute,1398
share,1393
sooty,1392
shine,1382
suite,1381
crane,1378
saint,1371
soapy,1366
shone,1360
shire,1352
saucy,1351
slave,1344
cease,1342
sense,1342
saner,1339
snare,1336
stale,1336
crate,1335
spree,1332
shore,1330
suave,1329
slide,1326
stare,1326
slime,1325
sorry,1324
brace,1323
shiny,1322
gooey,1320
seize,1318
crone,1315
sleet,1315
state,1313
brine,1312
scree,1311
shade,1310
space,1310
spare,1310
shame,1309
slant,1309
sally,1308
scale,1299
spine,1299
trace,1299
shake,1296
stone,1293
tease,1293
shape,1291
scare,1289
shave,1287
salty,1285
sassy,1285
slope,1285
since,1283
poise,1282
swine,1282
boney,1273
snore,1273
stole,1273
sadly,1271
raise,1270
arise,1269
spice,1269
spire,1269
peace,1267
grace,1265
slimy,1265
store,1263
cause,1262
crier,1261
prone,1259
sheet,1258
trice,1258
blare,1257
plane,1256
scone,1256
smile,1256
spite,1256
crony,1255
briny,1252
grate,1252
salve,1252
cagey,1251
price,1251
shady,1250
stage,1250
clone,1249
prose,1248
arose,1247
spore,1247
skate,1246
siege,1245
surer,1245
trite,1245
chase,1244
crave,1242
sandy,1242
erase,1241
serve,1241
surly,1241
scaly,1239
snake,1239
spiny,1239
close,1238
sunny,1237
shaky,1236
goose,1233
puree,1233
smite,1233
stony,1233
lease,1232
shalt,1232
sober,1232
swore,1230
scary,1229
stake,1229
drone,1228
solve,1227
spade,1227
brake,1226
place,1226
score,1226
moose,1225
safer,1225
shove,1224
crime,1223
fairy,1222
borne,1221
rainy,1221
flare,1220
stave,1220
seedy,1218
brave,1217
payee,1217
sheer,1217
craze,1216
daisy,1216
trade,1216
savoy,1215
sieve,1215
surge,1215
teary,1214
plate,1213
shied,1212
snide,1212
gaily,1211
smote,1211
spicy,1209
coast,1208
covey,1208
daily,1207
money,1207
singe,1207
loose,1206
pause,1206
silly,1206
matey,1204
parse,1204
boule,1203
melee,1203
story,1203
frame,1202
sower,1201
booty,1199
bride,1199
glare,1199
three,1198
canoe,1197
dairy,1197
snipe,1193
alone,1192
tepee,1191
sully,1190
scene,1189
phase,1188
canny,1187
sever,1187
corny,1186
slash,1184
boast,1183
sissy,1183
grade,1182
mealy,1182
carry,1181
chose,1181
segue,1181
shirt,1181
prune,1180
farce,1179
siren,1179
snaky,1179
write,1179
noise,1177
sleek,1175
blade,1174
drier,1174
blame,1173
skier,1172
spike,1172
urine,1172
irate,1171
corer,1170
honey,1169
brute,1168
pride,1168
cried,1167
prime,1167
sooth,1167
spiel,1167
stoke,1166
piney,1165
drake,1164
sewer,1164
voice,1164
broke,1163
grape,1163
chore,1162
guise,1162
slain,1162
sneer,1160
drape,1159
grave,1159
meaty,1159
short,1159
sonar,1159
toast,1159
sweet,1158
stove,1157
truce,1157
wrote,1157
crazy,1156
tripe,1156
beady,1155
hairy,1155
noose,1155
start,1155
bribe,1154
foamy,1154
force,1154
taint,1154
guile,1153
soggy,1152
spoke,1150
steer,1150
beret,1149
terse,1149
cadet,1148
scant,1148
weary,1148
false,1147
paint,1147
beast,1146
mouse,1146
cable,1145
caste,1145
rouse,1144
stint,1144
cater,1143
elate,1143
showy,1143
curse,1142
sappy,1142
faint,1141
forte,1141
barge,1140
booze,1140
grime,1140
super,1140
parer,1139
plier,1139
shoot,1139
slack,1139
alley,1136
diary,1136
flame,1136
phone,1136
wooer,1136
carve,1135
shall,1135
sheen,1135
creme,1134
trait,1134
trope,1134
flier,1133
graze,1133
poesy,1133
stray,1133
solar,1132
those,1132
wooly,1132
copse,1130
dance,1130
dopey,1130
greet,1130
tribe,1130
trove,1130
geese,1129
penne,1129
savvy,1129
spied,1129
slink,1128
tract,1128
louse,1127
smoke,1127
blaze,1125
fanny,1125
parry,1125
tense,1125
grant,1124
scope,1124
stilt,1124
crude,1123
flake,1123
prove,1123
waive,1123
deity,1122
gripe,1122
point,1122
slyly,1122
maize,1121
slosh,1121
baste,1120
boost,1120
pansy,1120
stair,1120
whale,1120
worse,1120
baler,1119
prize,1119
sleep,1118
tried,1118
noisy,1117
semen,1117
spray,1117
catty,1116
coupe,1116
crepe,1116
glade,1116
smart,1116
roast,1115
drive,1114
belle,1113
clove,1113
party,1112
route,1112
shank,1112
spiky,1112
biome,1111
pried,1111
truer,1111
freer,1110
print,1110
shunt,1110
sound,1110
belie,1109
comet,1109
feast,1109
chafe,1108
house,1108
spilt,1108
lance,1107
leave,1107
reuse,1107
truly,1107
horse,1106
loamy,1106
blast,1105
foist,1105
foray,1105
fried,1105
seven,1105
shaft,1105
cruel,1104
elite,1102
rarer,1102
snort,1102
weave,1102
chide,1101
haute,1101
probe,1101
tenet,1101
chime,1100
grope,1100
gravy,1099
pence,1099
silky,1099
whine,1099
array,1098
slick,1098
bloke,1097
covet,1097
piece,1097
slang,1097
grove,1096
posse,1096
table,1096
taste,1096
fancy,1095
berry,1094
deuce,1094
steel,1094
fence,1093
palsy,1093
drove,1092
patsy,1092
batty,1091
froze,1091
irony,1091
meant,1091
rupee,1091
tally,1091
caper,1090
marry,1090
paste,1089
pouty,1089
shout,1089
sloth,1089
heave,1088
paler,1088
south,1088
alike,1087
dense,1087
ready,1087
shard,1087
masse,1086
purse,1086
snowy,1086
fleet,1085
plant,1085
privy,1085
booby,1084
chant,1084
gauge,1084
fable,1083
sixty,1083
sulky,1083
crash,1082
front,1082
shack,1082
shark,1082
briar,1081
carat,1081
forty,1081
sauna,1081
boozy,1080
dried,1080
grimy,1080
while,1079
alive,1078
badly,1078
creed,1078
forge,1078
genie,1078
nosey,1078
count,1077
cutie,1077
naive,1077
waist,1077
erode,1076
glory,1076
manly,1076
moist,1076
phony,1076
sport,1076
coach,1075
dealt,1075
glide,1075
candy,1074
snail,1074
creek,1073
curly,1073
shoal,1073
genre,1072
leant,1072
frost,1071
goody,1071
chute,1070
bluer,1069
penny,1069
satin,1069
atone,1068
aware,1068
snarl,1068
stall,1068
bossy,1067
crank,1067
facet,1067
glaze,1067
lousy,1067
prude,1067
smoky,1067
tatty,1067
beset,1066
crest,1066
latte,1066
whose,1066
choke,1065
early,1065
flute,1065
shyly,1065
these,1065
twine,1065
shift,1064
curry,1063
flaky,1063
goner,1063
moody,1063
salad,1063
savor,1063
shear,1062
least,1061
plait,1061
sheep,1061
craft,1060
guide,1060
patty,1060
roomy,1060
stash,1060
abase,1059
eerie,1059
giant,1059
gouge,1059
panel,1059
react,1059
agree,1058
style,1058
brash,1057
ferry,1057
gorge,1057
horny,1057
whole,1057
alien,1056
cover,1056
leaky,1056
sling,1056
steed,1056
white,1056
large,1055
maple,1055
artsy,1054
chart,1054
crust,1054
fatty,1054
beget,1053
belly,1053
breed,1053
dally,1053
folly,1053
ladle,1053
taunt,1053
warty,1053
badge,1052
harry,1052
roost,1052
dicey,1051
heady,1051
brief,1050
cairn,1050
diode,1050
mange,1050
stand,1050
cheer,1049
rouge,1049
tardy,1049
burly,1048
juice,1048
range,1048
title,1048
brand,1047
court,1047
rally,1047
skirt,1047
slept,1047
lorry,1046
mauve,1046
quiet,1046
there,1046
lapse,1045
plied,1045
stank,1045
bunny,1044
friar,1044
salon,1044
tamer,1044
stunt,1043
verse,1043
sinew,1042
slush,1042
rinse,1041
shirk,1041
study,1041
suing,1041
taper,1041
worry,1041
bathe,1040
brunt,1040
built,1040
speed,1040
wrist,1040
spent,1039
whiny,1039
woody,1039
flint,1038
hoist,1038
quite,1038
stain,1038
camel,1037
crack,1037
goofy,1037
trail,1037
leafy,1036
shorn,1036
tasty,1036
brain,1035
pulse,1035
twice,1035
bloat,1034
gassy,1034
inane,1034
paper,1034
preen,1034
butte,1033
cower,1033
droit,1033
later,1033
solid,1033
trash,1033
tulle,1033
coyly,1032
elide,1032
golly,1032
snout,1032
tangy,1032
fiery,1031
poser,1031
glove,1030
today,1030
valet,1030
waste,1030
board,1029
eagle,1029
pasty,1029
small,1029
spank,1029
dolly,1028
gauze,1028
heavy,1028
mercy,1028
merry,1028
water,1028
abate,1027
slunk,1027
still,1027
swash,1027
hence,1026
nanny,1026
staid,1026
loopy,1025
sharp,1025
snack,1025
stalk,1025
tawny,1025
frail,1024
mince,1024
piety,1024
agate,1023
braid,1023
heart,1023
leery,1023
ratty,1023
stout,1022
balmy,1021
filet,1021
gruel,1021
purer,1021
smash,1021
fault,1020
proxy,1020
baker,1019
chair,1019
gaunt,1019
prior,1019
shock,1019
spelt,1019
bagel,1018
bible,1018
scent,1018
curve,1017
eater,1017
gaudy,1017
glint,1017
movie,1017
salsa,1017
clash,1016
creep,1016
freed,1016
haste,1016
quote,1016
daunt,1015
stack,1015
stark,1015
binge,1014
flair,1014
hater,1014
beach,1013
billy,1013
bugle,1012
dunce,1012
madly,1012
merge,1012
prank,1011
spill,1011
train,1011
cache,1010
caddy,1010
gamer,1010
aisle,1009
treat,1009
flirt,1008
globe,1008
shrew,1008
finer,1007
funny,1007
green,1007
girly,1006
spout,1006
agile,1005
cider,1005
frank,1005
payer,1005
shell,1005
trust,1005
horde,1004
stink,1004
grail,1003
sweat,1003
brink,1001
clank,1001
furry,1001
heist,1001
mossy,1001
tarot,1001
trial,1001
betel,1000
clued,1000
joint,1000
plume,1000
wince,1000
pearl,999
shook,999
sloop,999
spark,999
broil,998
petty,998
reset,998
shawl,998
bully,997
float,997
spurt,997
algae,996
crick,996
satyr,996
smelt,996
godly,995
greed,995
quake,995
racer,995
swath,995
taker,995
trout,995
boxer,994
deter,994
flume,994
steep,994
sugar,994
swill,994
scald,993
beard,992
cleat,992
delay,992
grief,992
niece,992
afire,991
beefy,991
elope,991
purge,991
brisk,990
mangy,990
meter,990
woozy,990
bitty,989
grand,989
joist,989
lager,989
teach,989
juicy,988
track,988
bilge,987
bleed,987
dandy,987
frill,987
anime,986
holly,986
mount,986
relay,986
swish,986
croak,985
hotly,985
scout,985
shush,985
spoil,985
baggy,984
faith,984
swirl,984
tower,984
wager,984
alter,983
diner,982
grunt,982
guilt,982
peach,982
roach,982
adore,981
allay,981
argue,981
bland,981
fluke,981
nurse,981
randy,981
roger,981
drank,980
filer,980
where,980
crass,979
dirty,979
fruit,979
spear,979
yeast,979
clout,978
gayer,978
miner,978
olive,978
troll,978
graft,977
grain,977
loser,977
power,977
blank,976
dirge,976
filly,976
gloat,976
sedan,976
smack,976
great,975
stool,975
blunt,974
booth,974
coven,974
crock,974
foyer,974
gayly,974
opine,974
retry,974
stick,974
testy,974
draft,973
drain,973
eager,973
haunt,973
sonic,973
awake,971
brick,971
bulge,971
clack,971
fibre,971
motel,971
aunty,969
hardy,969
adage,968
bleat,967
liege,967
grill,966
moult,966
perky,966
waver,966
anode,965
broad,965
dodge,965
mover,965
value,965
swift,964
poker,963
rover,963
triad,963
voter,963
broth,962
downy,962
drill,962
swear,962
theme,962
utile,962
grout,961
sweep,961
canal,960
clink,960
fully,960
gazer,960
skill,960
coral,959
liner,959
noble,959
spool,959
crisp,958
flail,958
sheik,958
wordy,958
burnt,957
curvy,957
fever,957
reedy,957
rogue,957
choir,956
hasty,956
pooch,956
smear,956
tilde,956
halve,955
lathe,955
serif,955
slung,955
splat,955
brass,954
crook,954
flash,954
paddy,954
carol,953
crawl,953
frisk,953
geeky,953
maker,953
bowel,952
chief,952
loath,952
squat,952
stock,952
stork,952
clear,951
dilly,951
layer,951
minty,951
wrest,951
alloy,950
cheek,950
harpy,950
lanky,950
split,950
tooth,950
unite,949
worst,949
aider,948
amity,948
grind,948
smith,948
tiger,948
verge,948
cabby,947
frond,947
leash,947
spasm,947
trick,947
vaunt,947
black,946
burst,946
lover,946
crept,945
handy,945
plank,945
reach,945
blurt,944
scour,944
tipsy,944
agony,943
chest,943
caulk,942
gavel,942
lodge,942
mower,942
ounce,942
putty,942
timer,942
wafer,942
strut,941
tweet,941
blind,940
crush,940
droll,940
leapt,940
prick,940
rower,940
shuck,940
slurp,940
amuse,939
cameo,939
drink,939
flank,939
gully,939
homer,939
steal,939
bevel,938
death,938
exile,938
gnome,938
pixie,938
plain,938
chain,937
comfy,937
dryer,937
fussy,937
jolly,937
stood,937
bawdy,936
decay,936
pleat,936
sworn,936
toddy,936
banal,935
blink,935
cheat,935
delve,935
dully,935
eaten,935
model,935
smirk,935
weedy,935
wrath,935
agape,934
brood,934
budge,934
fewer,934
hurry,934
scion,934
clasp,933
color,933
couch,933
dryly,933
hotel,933
ruler,933
spoon,933
dowry,932
drift,932
piper,932
repay,932
scorn,932
sting,932
elude,931
femme,931
moldy,931
reply,931
scalp,931
amaze,930
click,930
easel,930
scold,930
venue,930
bring,929
brook,929
clang,929
valve,929
brawl,928
flask,928
leach,928
ovine,928
tacky,928
towel,928
ditty,927
ghost,927
hover,927
rivet,927
vault,927
chill,926
ovate,926
plaid,926
bleep,925
decry,925
fiber,925
first,925
floor,925
froth,925
hoard,925
alert,924
chalk,924
jaunt,924
lapel,924
missy,924
nasty,924
ninny,924
sword,924
daddy,923
gland,923
label,923
lower,923
merit,923
willy,923
could,922
foggy,922
spell,922
tuber,922
wrack,922
cloth,921
erect,921
quart,921
tacit,920
vague,920
chard,919
cloak,919
groan,919
learn,919
lowly,919
miser,919
blond,918
buyer,918
creak,918
leper,918
ramen,918
rifle,918
verve,918
abuse,917
bound,917
duvet,917
riser,917
abide,916
aside,916
cross,916
flout,916
grasp,916
queer,916
sight,916
spook,916
swoon,916
brush,915
laden,915
apart,914
groin,914
tithe,914
class,913
lunge,913
order,913
smock,913
taken,913
frock,912
nerve,912
posit,912
rider,912
swarm,911
drool,910
fraud,910
gipsy,910
hinge,910
acute,909
flack,909
hilly,909
lever,909
shown,909
awoke,908
clock,908
defer,908
emcee,908
polar,908
stein,908
conch,907
claim,906
raven,906
sneak,906
build,905
decoy,905
dodgy,905
ledge,905
swell,905
wryly,905
being,904
catch,904
derby,904
mammy,904
screw,904
spend,904
trawl,904
await,903
canon,903
gaffe,903
raspy,903
stunk,903
thief,903
baron,902
brawn,902
guest,902
pinky,902
query,902
refer,902
revue,902
stern,902
stead,901
bezel,900
dimly,900
jelly,900
wedge,900
nobly,899
smell,899
swing,899
teddy,899
totem,899
witty,899
begat,898
bread,898
tabby,898
bobby,897
fudge,897
abbey,896
cramp,896
flyer,896
giver,896
grass,896
harem,896
heath,896
ruder,896
steak,896
caput,895
fugue,895
lofty,895
riper,895
serum,895
thank,895
vogue,895
wiser,895
abode,894
manor,894
break,893
ozone,893
poppy,893
trend,893
dingy,892
diver,892
queue,892
piano,891
scarf,891
bulky,890
cedar,890
dowel,890
elegy,890
fresh,890
quilt,890
swept,890
wider,890
needy,889
spawn,889
unity,889
child,888
cling,888
heard,888
joust,888
maybe,888
prism,888
sepia,888
token,888
evade,887
spunk,887
hedge,886
pound,886
river,886
salvo,886
tonal,886
snoop,885
azure,884
gusty,884
knave,884
marsh,884
midge,884
touch,884
beech,883
biddy,883
block,883
going,883
pesky,883
snuck,883
twist,883
filmy,882
ridge,882
torch,882
angle,881
storm,881
tapir,881
dusty,880
fixer,880
found,880
funky,880
speak,880
batch,879
doing,879
image,879
ovary,879
repel,879
cabal,878
ebony,878
elder,878
graph,878
guard,878
rebel,878
wheel,878
linen,877
pouch,877
taffy,877
basal,876
jetty,876
musty,876
prong,876
stoic,876
trunk,876
bused,875
flour,875
murky,875
nerdy,875
porch,875
shelf,875
stoop,875
aloft,874
rusty,874
spurn,874
stamp,874
tenor,874
tiara,874
tread,874
chick,873
donor,873
molar,873
stuck,873
above,871
basil,871
enact,871
hovel,871
krill,871
prawn,871
women,871
fatal,870
haven,870
hussy,870
revel,870
clean,869
liver,869
speck,869
tryst,869
blood,868
flick,868
moral,868
outer,868
buddy,867
buggy,866
drawl,866
fifty,866
golem,866
icily,866
cavil,865
march,865
cleft,864
crown,864
donut,864
gawky,864
navel,864
annoy,863
cycle,863
chasm,862
wacky,862
peril,861
weird,861
feral,860
radar,859
rocky,859
skull,859
truth,859
woven,859
broom,858
hazel,858
lefty,858
never,858
realm,858
sixth,858
total,858
cough,857
lusty,857
setup,857
windy,857
berth,856
chord,856
forth,856
freak,856
slump,856
usage,856
crimp,855
elect,855
botch,854
china,854
pulpy,854
think,854
adobe,853
level,853
lithe,853
proud,853
crowd,852
befit,851
blend,851
bravo,851
chock,851
colon,851
fauna,851
mound,851
piggy,851
pique,851
baton,850
feign,850
blush,849
cress,849
dowdy,849
dozen,849
round,849
patch,848
rearm,848
troop,848
bliss,847
cabin,847
cream,847
croup,847
guild,847
older,847
pithy,847
tramp,847
waxen,847
apple,846
error,846
flock,846
harsh,846
teeth,846
truck,846
basin,845
bench,845
happy,845
jerky,844
alarm,843
charm,843
cloud,843
pudgy,843
rowdy,843
cigar,842
penal,842
swoop,842
clerk,841
habit,841
joker,841
motor,841
pilot,841
swamp,841
drawn,840
milky,840
their,840
allot,839
aptly,839
brown,839
hefty,839
novel,839
ranch,839
rotor,839
wring,839
drunk,838
perch,838
scoop,838
leggy,837
nutty,837
scamp,837
yearn,837
dread,836
kitty,836
skunk,836
newer,835
risen,835
rodeo,835
prowl,834
queen,834
favor,833
gross,833
mourn,833
viper,833
bough,832
doubt,832
knife,832
koala,832
arena,831
bushy,831
flood,831
honor,831
newly,831
scowl,831
stung,831
cinch,830
clamp,830
glass,830
pixel,830
quail,830
birch,829
cluck,829
dross,829
furor,829
gourd,829
mouth,829
obese,829
spoof,829
third,829
altar,828
zesty,828
ardor,827
bigot,827
bleak,827
talon,827
wound,827
ankle,826
fling,826
quash,826
robot,826
anger,825
deign,825
giddy,825
nicer,825
steam,825
strap,825
flesh,824
thick,824
ample,823
papal,823
amble,822
vowel,822
woken,822
debit,821
libel,821
modem,821
renew,821
strip,820
torso,820
ulcer,820
wheat,820
druid,819
gnash,819
picky,819
reign,819
remit,819
thorn,819
belch,818
egret,818
plush,818
chaos,817
drama,817
earth,817
squad,817
wrong,817
birth,816
chirp,816
skulk,816
fiend,815
gamut,815
align,814
given,814
gonad,814
oxide,814
petal,814
thyme,814
voila,814
armor,813
audit,813
hound,813
hunky,813
match,813
ripen,813
untie,813
flush,812
fritz,812
lobby,812
angry,811
moron,811
proof,811
staff,811
stomp,811
droop,810
evoke,810
fishy,810
quest,810
along,809
arbor,809
ivory,809
asset,808
cyber,808
exalt,808
fetal,808
midst,808
tenth,808
tough,808
widen,808
erupt,807
etude,807
growl,807
howdy,807
sumac,807
would,807
abort,806
pagan,806
risky,806
tweed,806
weigh,806
bicep,805
conic,805
oaken,805
renal,805
world,805
inlet,804
month,803
plunk,803
valor,803
worth,803
wreak,803
awash,802
chunk,802
frown,802
muddy,801
plead,801
primo,801
whirl,801
enter,800
groom,800
puppy,800
pushy,800
cargo,799
ruddy,799
whack,799
clown,798
exact,798
leech,798
nudge,798
sperm,798
swung,798
crypt,797
flora,797
flunk,797
depot,796
dusky,796
final,796
shrug,796
swami,796
bacon,795
field,795
gummy,794
latch,794
vomit,794
hobby,793
labor,793
press,793
quill,793
bloom,792
minor,792
musky,792
wreck,792
digit,791
threw,791
after,790
dummy,790
focal,790
inner,790
tutor,790
bunch,789
churn,789
sprig,789
watch,789
floss,788
lunar,788
scrap,788
truss,788
clung,787
aloud,786
aorta,786
apply,786
borax,786
entry,786
glean,786
mummy,786
nadir,786
straw,786
debar,785
unify,785
aroma,784
check,784
mayor,784
which,784
blitz,783
lumen,783
refit,783
thing,782
chili,781
grown,781
judge,781
quack,781
quark,781
atoll,780
every,780
fetch,780
kinky,780
modal,780
sniff,780
cacao,779
circa,779
fleck,779
metal,779
onset,779
rebar,779
wispy,779
afoot,778
fluid,778
pedal,778
pivot,778
synod,778
vouch,778
avail,777
drown,777
whisk,777
exist,776
orbit,776
began,775
hatch,775
mural,775
panic,774
pinch,774
scram,774
thigh,774
blown,773
champ,773
guppy,773
patio,773
pluck,773
rural,773
cello,772
chuck,772
dumpy,772
laugh,772
mania,772
adapt,771
natal,771
unset,771
begin,770
dough,770
rhyme,770
stiff,770
terra,770
angel,769
credo,769
enemy,768
finch,768
mucky,768
gloss,767
sigma,767
twirl,767
amber,766
shrub,766
skimp,766
agent,765
fetid,765
mushy,765
olden,765
assay,764
blimp,764
group,764
razor,764
rough,764
amply,763
civil,763
curio,763
edict,763
octet,763
award,762
dress,762
inter,762
jewel,762
limit,762
uncle,762
butch,761
dream,760
inlay,760
neigh,760
thong,760
wimpy,760
otter,759
bless,758
evict,758
girth,758
kneel,758
major,758
punch,758
theft,758
edify,757
north,757
tonic,756
rhino,755
titan,755
wench,755
crump,754
husky,754
owner,754
decor,753
fecal,753
mason,753
felon,752
puffy,752
unmet,752
basis,751
utter,751
arson,750
cobra,750
kiosk,750
liken,750
mirth,750
lucky,749
lumpy,749
retch,749
vapor,749
again,748
dwelt,747
niche,747
welsh,747
basic,746
pitch,746
rugby,746
debut,745
duchy,745
ensue,745
tidal,745
upset,745
aloof,744
climb,744
epoxy,744
ahead,743
condo,743
folio,743
hippy,743
medal,743
rapid,743
local,742
rabid,742
wield,742
adult,741
ghoul,741
axial,740
nasal,740
quick,740
quirk,740
tumor,740
zonal,740
manic,739
rebut,739
avert,738
cheap,738
morph,738
recut,738
wrung,738
about,736
flown,736
heron,736
ratio,736
visit,736
valid,735
gloom,734
plaza,734
cumin,733
femur,733
fizzy,733
islet,733
pecan,733
regal,733
royal,732
stump,732
email,731
gypsy,731
quoth,731
aback,729
cocoa,729
ester,729
pasta,729
robin,729
decal,728
filth,728
llama,728
lurch,728
parka,728
toxin,728
welch,728
youth,728
comic,727
photo,727
viral,727
chess,726
cliff,726
tango,726
bongo,725
flung,725
tepid,725
under,725
apnea,723
melon,723
munch,723
twang,723
login,722
rerun,722
arrow,720
kneed,720
qualm,720
angst,719
jazzy,719
guava,718
notch,718
rigor,718
bison,717
fuzzy,717
devil,716
fella,716
legal,716
wagon,716
woman,716
avian,715
ditch,715
loyal,715
resin,715
twixt,715
viola,715
winch,715
rajah,714
juror,713
lurid,713
forgo,712
ombre,712
wharf,712
scoff,711
tubal,711
chaff,710
ralph,710
bonus,709
crumb,709
naval,709
torus,709
adopt,708
cacti,708
demur,708
dizzy,708
acorn,707
tonga,707
bosom,706
abled,705
idiot,705
pupal,705
squib,705
trump,705
vixen,705
envoy,704
gulch,704
lunch,704
quell,704
inert,703
skiff,703
blurb,702
forum,702
lasso,701
undue,701
pupil,700
radio,700
rayon,700
taboo,700
dutch,699
event,699
knelt,699
tight,699
gleam,698
quasi,698
ember,697
recur,697
vocal,697
idler,696
mulch,696
rumor,696
video,696
essay,695
iliac,695
begun,694
motto,694
amass,693
annex,693
scrum,693
denim,692
aping,691
madam,691
mogul,691
manga,690
syrup,690
depth,689
augur,688
clump,688
ether,688
timid,688
adorn,687
witch,687
fight,686
guess,685
hunch,685
lemur,685
mango,684
axion,683
upper,682
jumpy,681
motif,681
vapid,681
hyper,680
pinto,680
knack,679
snuff,679
macro,677
verso,677
avoid,676
banjo,676
below,676
demon,676
infer,676
vicar,676
rival,675
topic,675
vital,675
hitch,673
theta,673
young,673
empty,671
sushi,671
comma,670
metro,670
knoll,669
psalm,669
stuff,669
visor,669
delta,668
epoch,668
exert,668
organ,668
retro,668
magic,667
exult,666
odder,666
larva,665
yield,665
pygmy,664
tunic,663
oddly,662
scrub,662
pesto,661
tulip,661
tying,661
humor,660
scuba,659
whoop,659
enjoy,658
mafia,658
nomad,658
udder,658
hutch,657
might,657
other,657
amend,656
eject,656
imply,656
ninth,656
onion,656
quota,656
vigor,656
right,655
lemon,653
radii,653
topaz,653
amiss,652
fjord,652
polka,652
datum,650
dwell,650
rigid,650
urban,650
bingo,648
minim,648
relic,648
union,648
macaw,647
yacht,647
among,646
jiffy,646
media,646
tweak,646
vegan,645
alibi,643
hello,643
unlit,643
aging,642
waltz,642
adept,641
fifth,641
ionic,641
dwarf,640
eclat,640
bayou,639
civic,638
light,638
overt,638
width,638
actor,636
issue,636
imbue,635
admit,633
wight,633
plump,632
afoul,631
chump,631
cubic,630
relax,630
tibia,630
kayak,629
toxic,629
apron,627
vigil,626
lipid,624
dying,623
logic,623
maxim,623
eight,622
recap,622
whelp,622
ditto,621
mecca,621
acrid,620
karma,619
audio,618
expel,618
excel,616
knock,616
livid,615
ashen,614
agora,613
medic,613
gamma,612
magma,610
human,609
gruff,608
often,608
fetus,607
lucid,606
annul,605
throw,605
detox,604
impel,604
mamma,604
offer,604
allow,603
disco,603
embed,603
hymen,601
inept,601
bluff,600
lying,600
abbot,599
throb,599
ascot,598
venom,598
lilac,596
axiom,595
humid,592
polyp,592
anvil,591
dogma,589
focus,589
helix,589
usher,588
night,587
plumb,587
dingo,586
elfin,586
havoc,585
eying,584
myrrh,584
villa,583
thump,582
unwed,582
unfed,581
thrum,580
turbo,580
gusto,578
ovoid,576
micro,575
ought,575
owing,574
pubic,574
ingot,573
eking,571
vivid,570
minus,566
knead,565
fluff,563
icing,563
lingo,563
music,562
equal,561
ultra,561
tempo,560
itchy,559
mimic,559
unfit,556
vying,555
mambo,554
whiff,554
macho,553
ocean,551
ideal,550
cynic,549
fungi,548
junta,548
buxom,545
until,545
vinyl,543
junto,542
locus,541
lynch,541
using,538
khaki,537
thumb,537
glyph,534
mocha,534
debug,533
usual,533
rehab,530
antic,528
vista,528
gecko,526
virus,526
album,523
index,522
rebus,522
attic,518
zebra,518
vodka,516
hyena,515
input,514
ficus,512
octal,511
uncut,511
abhor,510
admin,510
widow,509
known,506
humph,505
askew,504
rabbi,501
kappa,496
opera,495
idiom,494
kebab,493
alpha,492
opium,492
bylaw,488
aphid,487
extol,485
elbow,479
outgo,472
incur,471
undid,471
enema,468
mucus,467
outdo,465
lyric,463
equip,456
lupus,450
awful,448
gumbo,444
ninja,444
intro,442
rumba,440
pizza,439
hippo,437
humus,434
nylon,434
limbo,433
occur,431
usurp,422
aglow,414
extra,413
optic,402
idyll,401
omega,396
abyss,393
offal,393
ennui,391
endow,383
hydro,377
lymph,361
jumbo,349
igloo,348
ethic,347
unzip,345
umbra,344
affix,340
ethos,326
inbox,318
nymph,310
